Date 	Day	Month	Year	Quarter	series 	OPEN 	HIGH 	LOW 	PREV. CLOSE 	ltp 	close 	vwap 	52W H 	52W L 	VOLUME 	VALUE 	No of trades 	Quarter22
19-03-2025 00:00	Wednesday	March	2025	Q1	EQ	3275	3326.6	3268.5	3270.7	3318	3319.55	3307.23	3963.5	3141	1616312	5345520793	88804	1
18-03-2025 00:00	Tuesday	March	2025	Q1	EQ	3194	3278.65	3189.3	3173.45	3271	3270.7	3248.31	3963.5	3141	2029984	6594015430	123494	1
17-03-2025 00:00	Monday	March	2025	Q1	EQ	3190	3240.05	3159	3187.3	3175.55	3173.45	3187.76	3963.5	3141	2805790	8944176882	122254	1
13-03-2025 00:00	Thursday	March	2025	Q1	EQ	3202.25	3233.15	3178.05	3193.65	3189	3187.3	3203.74	3963.5	3141	1414376	4531291302	83033	1
12-03-2025 00:00	Wednesday	March	2025	Q1	EQ	3205	3221.95	3153.05	3195.45	3190	3193.65	3180.42	3963.5	3141	1360149	4325851450	78130	1
11-03-2025 00:00	Tuesday	March	2025	Q1	EQ	3170.3	3204.4	3161.1	3177.7	3203.8	3195.45	3184.34	3963.5	3141	1274649	4058918930	81156	1
10-03-2025 00:00	Monday	March	2025	Q1	EQ	3246	3246.3	3169.05	3244.7	3177.8	3177.7	3201.45	3963.5	3141	1777752	5691390324	106319	1
07-03-2025 00:00	Friday	March	2025	Q1	EQ	3259.9	3289	3240.1	3259.9	3246	3244.7	3257.65	3963.5	3141	930240	3030394883	96014	1
06-03-2025 00:00	Thursday	March	2025	Q1	EQ	3250.1	3266.45	3215	3239.65	3258	3259.9	3247.81	3963.5	3141	1854837	6024166643	134338	1
05-03-2025 00:00	Wednesday	March	2025	Q1	EQ	3213	3245	3187.85	3213	3243	3239.65	3226.6	3963.5	3141	1945855	6278501228	134346	1
04-03-2025 00:00	Tuesday	March	2025	Q1	EQ	3171.05	3221	3167.8	3197.3	3211	3213	3203.15	3963.5	3141	1442098	4619256246	93358	1
03-03-2025 00:00	Monday	March	2025	Q1	EQ	3165.95	3227	3160	3163.85	3198.2	3197.3	3195.59	3963.5	3141	1352460	4321913463	132374	1
28-02-2025 00:00	Friday	February	2025	Q1	EQ	3199.8	3199.8	3141	3209.5	3170	3163.85	3168.5	3963.5	3141	2494680	7904404675	175923	1
27-02-2025 00:00	Thursday	February	2025	Q1	EQ	3238	3258.5	3184	3225.9	3210	3209.5	3209.83	3963.5	3175.05	2572065	8255891425	132651	1
25-02-2025 00:00	Tuesday	February	2025	Q1	EQ	3233	3248.95	3206.4	3257.7	3229	3225.9	3227.37	3963.5	3175.05	2529084	8162286346	133515	1
24-02-2025 00:00	Monday	February	2025	Q1	EQ	3289.7	3325.5	3250	3315.1	3251	3257.7	3289.89	3963.5	3175.05	1512844	4977086570	162651	1
21-02-2025 00:00	Friday	February	2025	Q1	EQ	3275.8	3324.9	3270.9	3275.8	3315.5	3315.1	3306.08	3963.5	3175.05	1706850	5642987961	113093	1
20-02-2025 00:00	Thursday	February	2025	Q1	EQ	3260.05	3285.45	3247.75	3275.9	3275.55	3275.8	3274.46	3963.5	3175.05	1236693	4049500999	93085	1
19-02-2025 00:00	Wednesday	February	2025	Q1	EQ	3220.15	3302.85	3211.6	3220.15	3268.95	3275.9	3269.6	3963.5	3175.05	1677978	5486325100	144994	1
18-02-2025 00:00	Tuesday	February	2025	Q1	EQ	3227	3241	3183	3221.85	3220	3220.15	3213.88	3963.5	3175.05	2428215	7803995073	107311	1
17-02-2025 00:00	Monday	February	2025	Q1	EQ	3213.55	3239.4	3194.55	3237.65	3222	3221.85	3217.09	3963.5	3175.05	1966689	6327017871	142527	1
14-02-2025 00:00	Friday	February	2025	Q1	EQ	3275.05	3285.8	3221.55	3263.65	3231.05	3237.65	3246.05	3963.5	3175.05	1378340	4474159815	125280	1
13-02-2025 00:00	Thursday	February	2025	Q1	EQ	3289.65	3314.9	3252.95	3289.65	3255	3263.65	3277.74	3963.5	3175.05	2127644	6973855847	156667	1
12-02-2025 00:00	Wednesday	February	2025	Q1	EQ	3259	3300	3222.25	3239.65	3292	3289.65	3268.46	3963.5	3175.05	1632415	5335487216	138219	1
11-02-2025 00:00	Tuesday	February	2025	Q1	EQ	3360.95	3361	3231	3328.65	3247	3239.65	3263.98	3963.5	3175.05	2593537	8465250359	145087	1
10-02-2025 00:00	Monday	February	2025	Q1	EQ	3347.8	3349	3294.05	3336.9	3324.3	3328.65	3315.61	3963.5	3175.05	1236663	4100291228	88934	1
07-02-2025 00:00	Friday	February	2025	Q1	EQ	3367	3369.95	3311.1	3352.75	3330	3336.9	3340.69	3963.5	3175.05	1722789	5755303413	137338	1
06-02-2025 00:00	Thursday	February	2025	Q1	EQ	3404	3404	3342.7	3383.2	3355.9	3352.75	3359.7	3963.5	3175.05	2874856	9658666091	166262	1
05-02-2025 00:00	Wednesday	February	2025	Q1	EQ	3444.65	3450.95	3379.45	3439.15	3386.45	3383.2	3415.32	3963.5	3175.05	2670316	9119976072	184191	1
04-02-2025 00:00	Tuesday	February	2025	Q1	EQ	3316	3449	3307.25	3289.2	3427.1	3439.15	3410.23	3963.5	3175.05	4742516	16173066528	305987	1
03-02-2025 00:00	Monday	February	2025	Q1	EQ	3420	3420	3270	3447.5	3285.95	3289.2	3300.78	3963.5	3175.05	6077580	20060746790	393333	1
01-02-2025 00:00	Saturday	February	2025	Q1	EQ	3578	3629.2	3402	3567.4	3458.25	3447.5	3473.36	3963.5	3175.05	4752505	16507148387	265997	1
31-01-2025 00:00	Friday	January	2025	Q1	EQ	3501.05	3590	3481.05	3420.95	3564	3567.4	3555.03	3963.5	3175.05	3995513	14204181890	217688	1
30-01-2025 00:00	Thursday	January	2025	Q1	EQ	3455	3517.8	3395	3449.7	3432.5	3420.95	3438.04	3963.5	3175.05	2717740	9343690878	180276	1
29-01-2025 00:00	Wednesday	January	2025	Q1	EQ	3431	3455	3412	3413.9	3448.9	3449.7	3437.37	3963.5	3175.05	1238704	4257884244	103001	1
28-01-2025 00:00	Tuesday	January	2025	Q1	EQ	3464.95	3482.15	3404.05	3457.65	3423.45	3413.9	3436.05	3963.5	3175.05	1657689	5695903565	154969	1
27-01-2025 00:00	Monday	January	2025	Q1	EQ	3447.2	3493.9	3401.15	3458.2	3472.9	3457.65	3446.21	3963.5	3175.05	1552938	5351754018	110592	1
24-01-2025 00:00	Friday	January	2025	Q1	EQ	3514.5	3521.1	3446.05	3503.25	3459.8	3458.2	3480.76	3963.5	3175.05	1206454	4199371221	91930	1
23-01-2025 00:00	Thursday	January	2025	Q1	EQ	3492	3527.8	3460.6	3518.2	3504.85	3503.25	3501.3	3963.5	3175.05	1993204	6978796103	126865	1
22-01-2025 00:00	Wednesday	January	2025	Q1	EQ	3563	3582.35	3490.1	3541.1	3520.8	3518.2	3521.51	3963.5	3175.05	1626055	5726173067	118201	1
21-01-2025 00:00	Tuesday	January	2025	Q1	EQ	3612.75	3643.3	3528.1	3593	3553	3541.1	3581.6	3963.5	3175.05	2576596	9228331774	177605	1
20-01-2025 00:00	Monday	January	2025	Q1	EQ	3574.9	3617.15	3556.5	3568.65	3588.9	3593	3585.81	3963.5	3175.05	1593334	5713398005	117677	1
17-01-2025 00:00	Friday	January	2025	Q1	EQ	3524	3579.85	3511.95	3507.9	3570.85	3568.65	3555.86	3963.5	3175.05	1600246	5690244162	126909	1
16-01-2025 00:00	Thursday	January	2025	Q1	EQ	3535	3543.45	3483.75	3501.4	3515	3507.9	3513.22	3963.5	3175.05	2305460	8099590396	152224	1
15-01-2025 00:00	Wednesday	January	2025	Q1	EQ	3471.3	3526.15	3471.3	3462.6	3505.7	3501.4	3500.92	3963.5	3175.05	1155446	4045128630	116492	1
14-01-2025 00:00	Tuesday	January	2025	Q1	EQ	3465.85	3491.95	3448.6	3464.3	3465	3462.6	3467.21	3963.5	3175.05	2924491	10139829761	176125	1
13-01-2025 00:00	Monday	January	2025	Q1	EQ	3505.55	3534.5	3448.6	3536.15	3470	3464.3	3492.05	3963.5	3175.05	2137212	7463255880	134759	1
10-01-2025 00:00	Friday	January	2025	Q1	EQ	3499.95	3552.2	3492.3	3527.9	3542	3536.15	3527.93	3963.5	3175.05	1794238	6329954565	113478	1
09-01-2025 00:00	Thursday	January	2025	Q1	EQ	3599.9	3606.3	3486	3596.35	3535	3527.9	3526.53	3963.5	3175.05	2921681	10303398615	231251	1
08-01-2025 00:00	Wednesday	January	2025	Q1	EQ	3662	3663.85	3590	3643.3	3596.5	3596.35	3612.93	3963.5	3175.05	1813201	6550964744	147106	1
07-01-2025 00:00	Tuesday	January	2025	Q1	EQ	3607.1	3649.85	3595.7	3603.2	3640.1	3643.3	3623.73	3963.5	3175.05	1453540	5267240240	110429	1
06-01-2025 00:00	Monday	January	2025	Q1	EQ	3684.75	3692.25	3585.5	3659.9	3607.15	3603.2	3626.01	3963.5	3175.05	1212012	4394771182	131815	1
03-01-2025 00:00	Friday	January	2025	Q1	EQ	3708	3719.9	3651.45	3713.5	3660	3659.9	3679.46	3963.5	3175.05	1290107	4746891680	104812	1
02-01-2025 00:00	Thursday	January	2025	Q1	EQ	3676.6	3724.1	3650.05	3667.5	3706.8	3713.5	3701.57	3963.5	3175.05	1882900	6969687400	119634	1
01-01-2025 00:00	Wednesday	January	2025	Q1	EQ	3600	3689	3599.95	3607.65	3670.1	3667.5	3660.22	3963.5	3175.05	1202029	4399695427	92010	1
31-12-2024 00:00	Tuesday	December	2024	Q4	EQ	3562.55	3620.6	3550	3578.95	3609.95	3607.65	3593.79	3963.5	3175.05	1267628	4555587429	98165	4
30-12-2024 00:00	Monday	December	2024	Q4	EQ	3607.9	3623	3566	3608.1	3590	3578.95	3590.43	3963.5	3175.05	1591690	5714856382	99927	4
27-12-2024 00:00	Friday	December	2024	Q4	EQ	3632.4	3643.65	3603.5	3629.5	3610.65	3608.1	3617.13	3963.5	3175.05	1309122	4735258789	75927	4
26-12-2024 00:00	Thursday	December	2024	Q4	EQ	3658	3665.15	3610.35	3639.75	3632.4	3629.5	3634.04	3963.5	3175.05	1124705	4087219624	80516	4
24-12-2024 00:00	Tuesday	December	2024	Q4	EQ	3647.95	3679	3632.4	3640.5	3633	3639.75	3651.5	3963.5	3175.05	627922	2292860072	71920	4
23-12-2024 00:00	Monday	December	2024	Q4	EQ	3670	3700	3617.05	3629.85	3642.9	3640.5	3644.9	3963.5	3175.05	1217612	4438075174	107539	4
20-12-2024 00:00	Friday	December	2024	Q4	EQ	3716.35	3725	3607.1	3716.35	3629	3629.85	3654.85	3963.5	3175.05	2796593	10221132562	154712	4
19-12-2024 00:00	Thursday	December	2024	Q4	EQ	3702.15	3762.2	3700	3758.15	3713.15	3716.35	3724.67	3963.5	3175.05	1856838	6916114961	142412	4
18-12-2024 00:00	Wednesday	December	2024	Q4	EQ	3807.2	3819	3745	3807.2	3760.4	3758.15	3763.15	3963.5	3175.05	1318341	4961115143	120658	4
17-12-2024 00:00	Tuesday	December	2024	Q4	EQ	3863.05	3875.4	3797	3877.85	3802.95	3807.2	3818.67	3963.5	3175.05	1690180	6454242086	116461	4
16-12-2024 00:00	Monday	December	2024	Q4	EQ	3882	3914.4	3857.25	3887	3872.3	3877.85	3877.81	3963.5	3175.05	918660	3562389173	81821	4
13-12-2024 00:00	Friday	December	2024	Q4	EQ	3859	3898	3794.2	3859.9	3889.25	3887	3852.29	3963.5	3175.05	2300361	8861656007	166323	4
12-12-2024 00:00	Thursday	December	2024	Q4	EQ	3930	3959	3846.95	3916.75	3863.2	3859.9	3867.89	3963.5	3175.05	1899867	7348471534	169801	4
11-12-2024 00:00	Wednesday	December	2024	Q4	EQ	3923.15	3947.65	3902	3923.15	3913.15	3916.75	3920.3	3963.5	3175.05	1237958	4853162176	133277	4
10-12-2024 00:00	Tuesday	December	2024	Q4	EQ	3955	3963.5	3901.3	3947.3	3922.95	3923.15	3927.94	3963.5	3175.05	2349493	9228665090	131218	4
09-12-2024 00:00	Monday	December	2024	Q4	EQ	3867.5	3959	3867.5	3866.7	3954.75	3947.3	3938.78	3959	3175.05	3332753	13126969162	214643	4
06-12-2024 00:00	Friday	December	2024	Q4	EQ	3832	3883.95	3800	3831.55	3861.2	3866.7	3856.47	3919.9	3175.05	1856562	7159770118	147414	4
05-12-2024 00:00	Thursday	December	2024	Q4	EQ	3810	3884	3760	3789.9	3828	3831.55	3824.55	3919.9	3175.05	2765170	10575533573	211606	4
04-12-2024 00:00	Wednesday	December	2024	Q4	EQ	3775	3835	3758.05	3787.05	3805	3789.9	3799.1	3919.9	3175.05	2510166	9536368353	178083	4
03-12-2024 00:00	Tuesday	December	2024	Q4	EQ	3721	3798.85	3701.5	3704.05	3773	3787.05	3761.27	3919.9	3175.05	3252670	12234160549	285639	4
02-12-2024 00:00	Monday	December	2024	Q4	EQ	3706.85	3717.85	3672.9	3724.8	3716	3704.05	3695.08	3919.9	3175.05	1158369	4280265838	104160	4
29-11-2024 00:00	Friday	November	2024	Q4	EQ	3635.1	3750	3635.1	3666.05	3722	3724.8	3722.73	3919.9	3035	2094305	7796535083	143088	4
28-11-2024 00:00	Thursday	November	2024	Q4	EQ	3700	3720.5	3648	3698.7	3667	3666.05	3677.58	3919.9	3035	2124283	7812227211	179728	4
27-11-2024 00:00	Wednesday	November	2024	Q4	EQ	3704	3720	3685	3702.6	3697	3698.7	3701.27	3919.9	3035	971816	3596957750	77237	4
26-11-2024 00:00	Tuesday	November	2024	Q4	EQ	3754.9	3754.9	3690	3753	3700	3702.6	3712.45	3919.9	3035	1141534	4237885362	104955	4
25-11-2024 00:00	Monday	November	2024	Q4	EQ	3660	3761	3654	3603.5	3757	3753	3741.78	3919.9	3035	4753829	17787793454	247339	4
22-11-2024 00:00	Friday	November	2024	Q4	EQ	3500	3613.5	3473.1	3483.5	3605	3603.5	3558.59	3919.9	3031.05	2534018	9017542905	148535	4
21-11-2024 00:00	Thursday	November	2024	Q4	EQ	3530	3530.55	3452.45	3505.9	3490.05	3483.5	3481.48	3919.9	3031.05	1510581	5259063799	172452	4
19-11-2024 00:00	Tuesday	November	2024	Q4	EQ	3559.9	3607	3495	3542.15	3511.2	3505.9	3561.83	3919.9	3031.05	1826460	6505545221	138984	4
18-11-2024 00:00	Monday	November	2024	Q4	EQ	3521.1	3568.3	3510.85	3526.25	3538.05	3542.15	3539.95	3919.9	3031.05	1233217	4365529596	119934	4
14-11-2024 00:00	Thursday	November	2024	Q4	EQ	3558	3565.75	3500.15	3547.95	3535	3526.25	3524.68	3919.9	3031.05	1291765	4553057913	138758	4
13-11-2024 00:00	Wednesday	November	2024	Q4	EQ	3585	3604.85	3535.65	3591.35	3548.95	3547.95	3565.63	3919.9	3031.05	1568694	5593385891	121033	4
12-11-2024 00:00	Tuesday	November	2024	Q4	EQ	3650	3651	3580	3628.85	3585.05	3591.35	3612.49	3919.9	3031.05	1116206	4032282496	95427	4
11-11-2024 00:00	Monday	November	2024	Q4	EQ	3646	3661	3606	3660.3	3625	3628.85	3640.18	3919.9	3031.05	926127	3371267443	104290	4
08-11-2024 00:00	Friday	November	2024	Q4	EQ	3640.4	3667	3620.65	3646.55	3650.05	3660.3	3656.21	3919.9	2927.25	1622142	5930893373	125639	4
07-11-2024 00:00	Thursday	November	2024	Q4	EQ	3647.35	3663	3620	3645.45	3642	3646.55	3643.1	3919.9	2927.25	1581009	5759776547	97553	4
06-11-2024 00:00	Wednesday	November	2024	Q4	EQ	3594	3659.9	3557.4	3574.8	3648	3645.45	3622.22	3919.9	2927.25	1819732	6591465491	137085	4
05-11-2024 00:00	Tuesday	November	2024	Q4	EQ	3556	3585	3541.9	3574.45	3566	3574.8	3562.86	3919.9	2927.25	1251506	4458941639	137797	4
04-11-2024 00:00	Monday	November	2024	Q4	EQ	3624.95	3624.95	3530.9	3626.35	3575.9	3574.45	3568.33	3919.9	2927.25	1724189	6152478903	182630	4
01-11-2024 00:00	Friday	November	2024	Q4	EQ	3624.95	3641.9	3620	3622.3	3627	3626.35	3630.71	3919.9	2856.15	212796	772600597.4	21833	4
31-10-2024 00:00	Thursday	October	2024	Q4	EQ	3530	3654.95	3508.35	3408.35	3620.75	3622.3	3615.13	3919.9	2856.15	7637083	27609020402	368713	4
30-10-2024 00:00	Wednesday	October	2024	Q4	EQ	3379.95	3438.4	3353	3380.9	3402	3408.35	3407.65	3919.9	2856.15	1785128	6083090228	108896	4
29-10-2024 00:00	Tuesday	October	2024	Q4	EQ	3316	3384.4	3316	3340.8	3381.9	3380.9	3363.3	3919.9	2856.15	2253467	7579088509	138485	4
28-10-2024 00:00	Monday	October	2024	Q4	EQ	3316	3373	3262.55	3326.4	3360	3340.8	3320.79	3919.9	2856.15	2991674	9934727536	206122	4
25-10-2024 00:00	Friday	October	2024	Q4	EQ	3425	3435	3315.05	3442.65	3337	3326.4	3343.8	3919.9	2856.15	3236774	10823121243	256194	4
24-10-2024 00:00	Thursday	October	2024	Q4	EQ	3444	3474.6	3416.75	3455.4	3449.9	3442.65	3440.98	3919.9	2856.15	1924421	6621896970	139822	4
23-10-2024 00:00	Wednesday	October	2024	Q4	EQ	3501.05	3513.95	3443	3511.9	3449	3455.4	3478.9	3919.9	2856.15	2125268	7393598650	173225	4
22-10-2024 00:00	Tuesday	October	2024	Q4	EQ	3585	3591.65	3500	3585.6	3504	3511.9	3531.83	3919.9	2856.15	1363574	4815905253	125455	4
21-10-2024 00:00	Monday	October	2024	Q4	EQ	3580	3621.95	3571.3	3577.8	3577	3585.6	3595.64	3919.9	2856.15	1750549	6294352702	162386	4
18-10-2024 00:00	Friday	October	2024	Q4	EQ	3569.95	3592.45	3540.25	3570.3	3579.25	3577.8	3575.1	3919.9	2856.15	2102609	7517044754	210857	4
17-10-2024 00:00	Thursday	October	2024	Q4	EQ	3549.9	3583	3521.8	3532.6	3566	3570.3	3555.58	3919.9	2856.15	2968537	10554879516	194714	4
16-10-2024 00:00	Wednesday	October	2024	Q4	EQ	3550	3581.9	3513.55	3551.9	3531	3532.6	3536.55	3919.9	2856.15	1961835	6938125640	109635	4
15-10-2024 00:00	Tuesday	October	2024	Q4	EQ	3570	3570	3520.15	3555.05	3545	3551.9	3545.95	3919.9	2856.15	1231552	4367018656	86576	4
14-10-2024 00:00	Monday	October	2024	Q4	EQ	3510	3573.85	3501.3	3482.55	3552.75	3555.05	3550.86	3919.9	2856.15	1974378	7010736483	101616	4
11-10-2024 00:00	Friday	October	2024	Q4	EQ	3469.4	3497.1	3447	3460.35	3491.9	3482.55	3479.84	3919.9	2856.15	1280465	4455814669	95819	4
10-10-2024 00:00	Thursday	October	2024	Q4	EQ	3515	3554.9	3455.5	3487.1	3461.85	3460.35	3491.73	3919.9	2856.15	2686116	9379183253	165856	4
09-10-2024 00:00	Wednesday	October	2024	Q4	EQ	3542.05	3557.7	3481	3532.4	3491.8	3487.1	3516.48	3919.9	2856.15	1645791	5787387384	154726	4
08-10-2024 00:00	Tuesday	October	2024	Q4	EQ	3492.95	3538.5	3469	3468.35	3533.1	3532.4	3511.48	3919.9	2856.15	2249452	7898900834	153720	4
07-10-2024 00:00	Monday	October	2024	Q4	EQ	3505	3512.95	3429	3493.95	3475	3468.35	3461.8	3919.9	2856.15	2304227	7976771661	170269	4
04-10-2024 00:00	Friday	October	2024	Q4	EQ	3515	3553.55	3468.5	3497.65	3505	3493.95	3499.42	3919.9	2856.15	3445879	12058561848	243711	4
03-10-2024 00:00	Thursday	October	2024	Q4	EQ	3582.5	3617	3485.4	3653.5	3505.5	3497.65	3535.43	3919.9	2856.15	5315877	18793904808	402180	4
01-10-2024 00:00	Tuesday	October	2024	Q4	EQ	3667	3724	3639.35	3675.55	3647	3653.5	3672.74	3919.9	2856.15	1674100	6148527670	109900	4
30-09-2024 00:00	Monday	September	2024	Q3	EQ	3699	3715.65	3665	3705.65	3680	3675.55	3677.99	3919.9	2856.15	1837697	6759038580	132958	3
27-09-2024 00:00	Friday	September	2024	Q3	EQ	3738	3738	3651	3762.15	3705	3705.65	3698.43	3919.9	2856.15	4095425	15146633647	244106	3
26-09-2024 00:00	Thursday	September	2024	Q3	EQ	3801	3802.95	3736.4	3793.85	3760	3762.15	3766.72	3919.9	2856.15	2750597	10360735142	154596	3
25-09-2024 00:00	Wednesday	September	2024	Q3	EQ	3787.55	3813.2	3778	3791.6	3793	3793.85	3793.35	3919.9	2856.15	2113862	8018617548	126389	3
24-09-2024 00:00	Tuesday	September	2024	Q3	EQ	3787.7	3831.8	3775	3787.7	3792.9	3791.6	3808	3919.9	2856.15	2676546	10192281539	147710	3
23-09-2024 00:00	Monday	September	2024	Q3	EQ	3800	3838.8	3749	3793.9	3785	3787.7	3779.3	3919.9	2856.15	1937874	7323809213	133184	3
20-09-2024 00:00	Friday	September	2024	Q3	EQ	3700	3809.9	3680.25	3683.7	3793	3793.9	3773.54	3919.9	2846.05	5401701	20383510293	252442	3
19-09-2024 00:00	Thursday	September	2024	Q3	EQ	3750	3750.4	3674	3730.45	3689	3683.7	3693.71	3919.9	2846.05	1711564	6322017895	122388	3
18-09-2024 00:00	Wednesday	September	2024	Q3	EQ	3689	3757.95	3684.2	3695.2	3726.05	3730.45	3729.67	3919.9	2846.05	2249929	8391486010	107286	3
17-09-2024 00:00	Tuesday	September	2024	Q3	EQ	3668	3705	3659.7	3662.25	3686	3695.2	3684.21	3919.9	2846.05	1289060	4749171728	116988	3
16-09-2024 00:00	Monday	September	2024	Q3	EQ	3619.15	3670	3613	3613	3657.85	3662.25	3651.58	3919.9	2846.05	1045964	3819418658	73047	3
13-09-2024 00:00	Friday	September	2024	Q3	EQ	3622	3634.75	3600.05	3622	3608.35	3613	3611.45	3919.9	2846.05	1752455	6328901570	100344	3
12-09-2024 00:00	Thursday	September	2024	Q3	EQ	3558	3638.05	3534	3536.95	3620.05	3622	3579.25	3919.9	2846.05	3751523	13427637792	189229	3
11-09-2024 00:00	Wednesday	September	2024	Q3	EQ	3595	3603.95	3516.4	3596.15	3540	3536.95	3561.46	3919.9	2846.05	1865165	6642707258	126237	3
10-09-2024 00:00	Tuesday	September	2024	Q3	EQ	3585	3625	3571	3578.3	3600	3596.15	3598.83	3919.9	2846.05	1203483	4331129795	93770	3
09-09-2024 00:00	Monday	September	2024	Q3	EQ	3584	3594	3553.85	3574.75	3576	3578.3	3577.27	3919.9	2846.05	1454589	5203451218	116687	3
06-09-2024 00:00	Friday	September	2024	Q3	EQ	3615.1	3623.8	3536.2	3624.15	3572.9	3574.75	3568.94	3919.9	2705	3096557	11051417113	202312	3
05-09-2024 00:00	Thursday	September	2024	Q3	EQ	3668	3668	3608.4	3650.8	3625	3624.15	3626.07	3919.9	2705	2958770	10728699384	172903	3
04-09-2024 00:00	Wednesday	September	2024	Q3	EQ	3650	3681	3631.1	3690.15	3654	3650.8	3646.74	3919.9	2705	1930121	7038650189	124315	3
03-09-2024 00:00	Tuesday	September	2024	Q3	EQ	3693.95	3713.95	3666.9	3683.1	3686.3	3690.15	3690.76	3919.9	2705	1211993	4473174177	93945	3
02-09-2024 00:00	Monday	September	2024	Q3	EQ	3706	3721.95	3666.35	3704.65	3677.8	3683.1	3689.2	3919.9	2705	1277813	4714112303	115019	3
30-08-2024 00:00	Friday	August	2024	Q3	EQ	3718.35	3745	3666.4	3683.45	3707	3704.65	3700.93	3919.9	2650.05	2592912	9596196231	133375	3
29-08-2024 00:00	Thursday	August	2024	Q3	EQ	3690.5	3710	3651.55	3689.05	3690	3683.45	3684.34	3919.9	2650.05	2165489	7978391207	132112	3
28-08-2024 00:00	Wednesday	August	2024	Q3	EQ	3705	3724.4	3685	3702.7	3690	3689.05	3700.41	3919.9	2650.05	1278175	4729767635	82201	3
27-08-2024 00:00	Tuesday	August	2024	Q3	EQ	3642.65	3737	3636	3641.9	3700.1	3702.7	3706.72	3919.9	2650.05	3315435	12289383661	131931	3
26-08-2024 00:00	Monday	August	2024	Q3	EQ	3611	3648	3594.7	3598.55	3638	3641.9	3628.56	3919.9	2650.05	1606911	5830777896	73397	3
23-08-2024 00:00	Friday	August	2024	Q3	EQ	3606.5	3622	3587.05	3606.5	3598.25	3598.55	3602.56	3919.9	2623.45	1825180	6575312026	79918	3
22-08-2024 00:00	Thursday	August	2024	Q3	EQ	3607.05	3612.15	3583.95	3596.05	3602.3	3606.5	3603.84	3919.9	2623.45	1734927	6252403569	84632	3
21-08-2024 00:00	Wednesday	August	2024	Q3	EQ	3590	3615.3	3581.9	3572.7	3593.75	3596.05	3599.68	3919.9	2623.45	1714248	6170748516	74473	3
20-08-2024 00:00	Tuesday	August	2024	Q3	EQ	3562	3580	3548	3555.05	3579	3572.7	3568.41	3919.9	2623.45	1285569	4587442114	78801	3
19-08-2024 00:00	Monday	August	2024	Q3	EQ	3599.85	3599.9	3547	3568.35	3558.1	3555.05	3561.38	3919.9	2623.45	1898535	6761408510	98035	3
16-08-2024 00:00	Friday	August	2024	Q3	EQ	3578	3580.9	3533	3545.2	3569	3568.35	3561.97	3919.9	2616	2808865	10005082527	149879	3
14-08-2024 00:00	Wednesday	August	2024	Q3	EQ	3558.95	3578.7	3536.5	3551.8	3540.05	3545.2	3556.86	3919.9	2616	1584372	5635385431	86539	3
13-08-2024 00:00	Tuesday	August	2024	Q3	EQ	3580	3607	3545.2	3571.95	3551	3551.8	3573.19	3919.9	2616	1316218	4703098658	85677	3
12-08-2024 00:00	Monday	August	2024	Q3	EQ	3579	3611	3563	3592.05	3573	3571.95	3584.31	3919.9	2616	1965035	7043299073	121950	3
09-08-2024 00:00	Friday	August	2024	Q3	EQ	3600	3605.55	3575.7	3553.55	3594	3592.05	3591.14	3919.9	2615.25	848232	3046121443	83218	3
08-08-2024 00:00	Thursday	August	2024	Q3	EQ	3621	3628.75	3547.45	3638.25	3558	3553.55	3574.92	3919.9	2615.25	2038088	7286005509	149101	3
07-08-2024 00:00	Wednesday	August	2024	Q3	EQ	3630	3655.75	3610.35	3576.2	3641.2	3638.25	3634.09	3919.9	2615.25	1613097	5862138962	93561	3
06-08-2024 00:00	Tuesday	August	2024	Q3	EQ	3548	3634.9	3546	3528	3588	3576.2	3598.72	3919.9	2615.25	2125532	7649192776	122533	3
05-08-2024 00:00	Monday	August	2024	Q3	EQ	3597	3607.9	3511.5	3665.7	3530	3528	3547.86	3919.9	2615.25	2900685	10291225585	195790	3
02-08-2024 00:00	Friday	August	2024	Q3	EQ	3730.35	3748.9	3657.1	3779.3	3657.9	3665.7	3688.92	3919.9	2586.3	2512525	9268499168	180833	3
01-08-2024 00:00	Thursday	August	2024	Q3	EQ	3810	3838.95	3765.85	3815	3770	3779.3	3795.42	3919.9	2586.3	1998663	7585756152	113449	3
31-07-2024 00:00	Wednesday	July	2024	Q3	EQ	3777.05	3822	3763.1	3784.65	3815	3815	3798.06	3919.9	2586.3	2703636	10268559319	133518	3
30-07-2024 00:00	Tuesday	July	2024	Q3	EQ	3774.85	3795	3738.6	3774.95	3778.25	3784.65	3783.19	3919.9	2586.3	1979989	7490670960	111800	3
29-07-2024 00:00	Monday	July	2024	Q3	EQ	3701	3790	3686.6	3679.9	3775	3774.95	3760.82	3919.9	2586.3	4159919	15644694864	162580	3
26-07-2024 00:00	Friday	July	2024	Q3	EQ	3629	3701	3596.1	3619.15	3699	3679.9	3658.21	3919.9	2553	2617659	9575959118	172197	3
25-07-2024 00:00	Thursday	July	2024	Q3	EQ	3539	3630.9	3532.05	3519.45	3622	3619.15	3594.69	3919.9	2553	4691483	16864428821	224931	3
24-07-2024 00:00	Wednesday	July	2024	Q3	EQ	3549	3557.95	3501	3538.05	3522	3519.45	3522.81	3919.9	2553	3184060	11216851553	200120	3
23-07-2024 00:00	Tuesday	July	2024	Q3	EQ	3669.6	3714	3460	3651.45	3542	3538.05	3566.85	3919.9	2553	6957691	24817009549	377078	3
22-07-2024 00:00	Monday	July	2024	Q3	EQ	3617.9	3661.85	3567.6	3618.5	3651	3651.45	3609.78	3919.9	2553	3639057	13136187987	132791	3
19-07-2024 00:00	Friday	July	2024	Q3	EQ	3651	3658.95	3610	3656.2	3618	3618.5	3632.53	3919.9	2465	2432533	8836242253	148075	3
18-07-2024 00:00	Thursday	July	2024	Q3	EQ	3640	3679.25	3598.65	3636.55	3647	3656.2	3649.3	3919.9	2465	3240772	11826560025	167559	3
16-07-2024 00:00	Tuesday	July	2024	Q3	EQ	3646.1	3651.6	3621	3651.6	3640	3636.55	3635.15	3919.9	2465	2220953	8073490866	94436	3
15-07-2024 00:00	Monday	July	2024	Q3	EQ	3670	3674	3637	3649.35	3647	3651.6	3651.36	3919.9	2465	943302	3444337699	81792	3
12-07-2024 00:00	Friday	July	2024	Q3	EQ	3630	3667.7	3612.7	3621.1	3654.45	3649.35	3643.26	3919.9	2420	2001185	7290841854	128210	3
11-07-2024 00:00	Thursday	July	2024	Q3	EQ	3660	3684.6	3603	3650.05	3629	3621.1	3636.68	3919.9	2420	2942924	10702486723	174550	3
10-07-2024 00:00	Wednesday	July	2024	Q3	EQ	3685.05	3694	3601	3666.1	3650	3650.05	3645.25	3919.9	2420	2231438	8134142569	155613	3
09-07-2024 00:00	Tuesday	July	2024	Q3	EQ	3650	3685	3646.1	3632	3665.95	3666.1	3667.3	3919.9	2420	2425176	8893858176	147128	3
08-07-2024 00:00	Monday	July	2024	Q3	EQ	3640.1	3645.7	3594	3627.15	3631.9	3632	3620.24	3919.9	2420	1706210	6176885529	101380	3
05-07-2024 00:00	Friday	July	2024	Q3	EQ	3573.3	3638	3568	3573.3	3621	3627.15	3620.27	3919.9	2420	1635209	5919905675	129124	3
04-07-2024 00:00	Thursday	July	2024	Q3	EQ	3616.1	3644	3565.8	3614.35	3581.65	3573.3	3603.24	3919.9	2420	1851947	6673015817	104858	3
03-07-2024 00:00	Wednesday	July	2024	Q3	EQ	3650.35	3650.5	3605	3626.5	3615	3614.35	3619.87	3919.9	2420	1923801	6963914656	97998	3
02-07-2024 00:00	Tuesday	July	2024	Q3	EQ	3535.05	3634	3535.05	3526.55	3623	3626.5	3595.51	3919.9	2420	5087748	18293039442	217762	3
01-07-2024 00:00	Monday	July	2024	Q3	EQ	3535.2	3541.4	3514	3548.45	3528.2	3526.55	3524.97	3919.9	2420	2961120	10437845854	156318	3
28-06-2024 00:00	Friday	June	2024	Q2	EQ	3540	3575.95	3538.1	3564.4	3545.7	3548.45	3558.07	3919.9	2367.95	3141514	11177724726	211665	2
27-06-2024 00:00	Thursday	June	2024	Q2	EQ	3597.45	3601.3	3550	3602.95	3563	3564.4	3568.52	3919.9	2367.95	5519875	19697763049	267353	2
26-06-2024 00:00	Wednesday	June	2024	Q2	EQ	3601	3624.9	3592.25	3587.8	3604	3602.95	3605.48	3919.9	2367.95	2480187	8942256279	137475	2
25-06-2024 00:00	Tuesday	June	2024	Q2	EQ	3556.5	3591.95	3528	3531.6	3588.45	3587.8	3563.39	3919.9	2367.95	2158039	7689939971	139316	2
24-06-2024 00:00	Monday	June	2024	Q2	EQ	3520.35	3567	3505	3535	3541	3531.6	3540.3	3919.9	2367.95	2330559	8250882780	127028	2
21-06-2024 00:00	Friday	June	2024	Q2	EQ	3604.05	3610	3516	3594.45	3524	3535	3546.79	3919.9	2354.45	4508508	15990734727	208119	2
20-06-2024 00:00	Thursday	June	2024	Q2	EQ	3584.95	3613.3	3564.6	3589.95	3598.4	3594.45	3587.54	3919.9	2354.45	2618715	9394746481	168275	2
19-06-2024 00:00	Wednesday	June	2024	Q2	EQ	3690	3699	3575	3689.2	3606.95	3589.95	3622.88	3919.9	2354.45	2936151	10637325627	174218	2
18-06-2024 00:00	Tuesday	June	2024	Q2	EQ	3708	3710	3675	3687.8	3689	3689.2	3694.7	3919.9	2354.45	1936792	7155863444	125205	2
14-06-2024 00:00	Friday	June	2024	Q2	EQ	3718	3720	3675	3703.65	3681.1	3687.8	3689.66	3919.9	2327.1	1746508	6444027621	116358	2
13-06-2024 00:00	Thursday	June	2024	Q2	EQ	3665.5	3715.9	3635	3630.3	3702	3703.65	3683.7	3919.9	2327.1	2965500	10924017089	248839	2
12-06-2024 00:00	Wednesday	June	2024	Q2	EQ	3615	3648.95	3578	3598.7	3630	3630.3	3630.27	3919.9	2327.1	2242274	8140054290	106476	2
11-06-2024 00:00	Tuesday	June	2024	Q2	EQ	3570	3639	3551.2	3543.75	3600	3598.7	3609.24	3919.9	2327.1	2548176	9196976163	169264	2
10-06-2024 00:00	Monday	June	2024	Q2	EQ	3521.05	3585	3521.05	3532.5	3541.95	3543.75	3552.73	3919.9	2327.1	3151257	11195550288	172023	2
07-06-2024 00:00	Friday	June	2024	Q2	EQ	3465.05	3548	3446	3482.55	3527.85	3532.5	3514.12	3919.9	2240	5879660	20661821710	299277	2
06-06-2024 00:00	Thursday	June	2024	Q2	EQ	3438	3538.2	3385.3	3409	3496	3482.55	3480.8	3919.9	2240	8374602	29150343332	371459	2
05-06-2024 00:00	Wednesday	June	2024	Q2	EQ	3441.5	3441.5	3175.05	3403.2	3399.95	3409	3303.53	3919.9	2240	10372458	34265705435	562189	2
04-06-2024 00:00	Tuesday	June	2024	Q2	EQ	3852	3898	3320	3897.15	3415	3403.2	3539.43	3919.9	2240	9920882	35114240231	560360	2
03-06-2024 00:00	Monday	June	2024	Q2	EQ	3855.4	3919.9	3801.1	3669.3	3900.45	3897.15	3880.45	3919.9	2240	5767666	22381147733	246551	2
31-05-2024 00:00	Friday	May	2024	Q2	EQ	3636.4	3744.8	3636.4	3634.7	3678.5	3669.3	3693.33	3860	2200	6432341	23756740901	244010	2
30-05-2024 00:00	Thursday	May	2024	Q2	EQ	3626.05	3643.95	3607.75	3634.8	3643	3634.7	3630.63	3860	2200	2701849	9809413541	174916	2
29-05-2024 00:00	Wednesday	May	2024	Q2	EQ	3611	3661.85	3610.35	3658.2	3628.15	3634.8	3635.48	3860	2200	1506146	5475566341	97277	2
28-05-2024 00:00	Tuesday	May	2024	Q2	EQ	3652	3685.25	3646.05	3652	3657	3658.2	3661.34	3860	2200	1440187	5273012668	119953	2
27-05-2024 00:00	Monday	May	2024	Q2	EQ	3644.9	3695	3600	3625.9	3647	3652	3653.01	3860	2200	2570708	9390809807	182366	2
24-05-2024 00:00	Friday	May	2024	Q2	EQ	3586	3659	3582.3	3585.4	3621	3625.9	3627.82	3860	2176	2740360	9941541702	192630	2
23-05-2024 00:00	Thursday	May	2024	Q2	EQ	3460.9	3601.65	3455	3460.85	3577	3585.4	3551.2	3860	2176	4525637	16071452310	274666	2
22-05-2024 00:00	Wednesday	May	2024	Q2	EQ	3450.05	3472.7	3435.05	3440.95	3464.75	3460.85	3459.49	3860	2176	1409992	4877846791	118328	2
21-05-2024 00:00	Tuesday	May	2024	Q2	EQ	3458	3470.3	3434	3464.2	3435.05	3440.95	3450.64	3860	2176	2100848	7249274176	147630	2
18-05-2024 00:00	Saturday	May	2024	Q2	EQ	3452	3468	3445.8	3450.75	3467.5	3464.2	3458.37	3860	2168.5	141462	489228073.8	9811	2
17-05-2024 00:00	Friday	May	2024	Q2	EQ	3475.95	3475.95	3412.15	3460.6	3454.15	3450.75	3440.74	3860	2168.5	2676919	9210579941	175513	2
16-05-2024 00:00	Thursday	May	2024	Q2	EQ	3428.95	3468.5	3378.7	3411.3	3460	3460.6	3413.98	3860	2168.5	3398714	11603135146	229058	2
15-05-2024 00:00	Wednesday	May	2024	Q2	EQ	3390	3417.4	3353.15	3379.45	3415	3411.3	3386.15	3860	2168.5	2718682	9205869369	185374	2
14-05-2024 00:00	Tuesday	May	2024	Q2	EQ	3300	3384.9	3293.4	3293.85	3375	3379.45	3348.66	3860	2168.5	2870328	9611746752	176256	2
13-05-2024 00:00	Monday	May	2024	Q2	EQ	3267.05	3315	3225.2	3271.45	3300	3293.85	3280.38	3860	2168.5	3557067	11668526808	205393	2
10-05-2024 00:00	Friday	May	2024	Q2	EQ	3281.6	3306.15	3234.6	3275.45	3276.9	3271.45	3263.22	3860	2168.5	4132191	13484247759	272803	2
09-05-2024 00:00	Thursday	May	2024	Q2	EQ	3312.75	3377	3266.65	3486.85	3289.95	3275.45	3310.59	3860	2168.5	12120574	40126195141	642552	2
08-05-2024 00:00	Wednesday	May	2024	Q2	EQ	3429	3497.4	3367.8	3427.75	3482.75	3486.85	3422.63	3860	2168.5	4116670	14089833173	206007	2
07-05-2024 00:00	Tuesday	May	2024	Q2	EQ	3479.4	3496	3425	3463.3	3429.1	3427.75	3451.2	3860	2168.5	3376013	11651304132	170591	2
06-05-2024 00:00	Monday	May	2024	Q2	EQ	3522.8	3527	3441.1	3499.8	3468	3463.3	3469.51	3860	2168.5	2614667	9071608497	200066	2
03-05-2024 00:00	Friday	May	2024	Q2	EQ	3610	3622	3488.45	3599.5	3500	3499.8	3525.94	3860	2168.5	4079696	14384759937	336644	2
02-05-2024 00:00	Thursday	May	2024	Q2	EQ	3590.05	3634.15	3576.05	3594.3	3599.75	3599.5	3600.92	3860	2168.5	3748847	13499305909	339498	2
30-04-2024 00:00	Tuesday	April	2024	Q2	EQ	3639	3648.95	3584.05	3634.3	3591.95	3594.3	3622.81	3860	2168.5	1571996	5695043781	147602	2
29-04-2024 00:00	Monday	April	2024	Q2	EQ	3606.1	3649.9	3605.2	3605.2	3634	3634.3	3633.23	3860	2168.5	1396979	5075551038	104169	2
26-04-2024 00:00	Friday	April	2024	Q2	EQ	3652	3660.9	3585	3652.3	3608	3605.2	3614.36	3860	2168.5	1973113	7131546088	155188	2
25-04-2024 00:00	Thursday	April	2024	Q2	EQ	3616.1	3666	3611.6	3634.85	3642	3652.3	3646.8	3860	2168.5	2420380	8826635615	138913	2
24-04-2024 00:00	Wednesday	April	2024	Q2	EQ	3616.55	3654.95	3601.1	3610.15	3640.3	3634.85	3636.62	3860	2168.5	1501234	5459422387	104466	2
23-04-2024 00:00	Tuesday	April	2024	Q2	EQ	3632.75	3632.75	3588	3612.7	3606	3610.15	3604.41	3860	2168.5	1434580	5170809325	125329	2
22-04-2024 00:00	Monday	April	2024	Q2	EQ	3568.75	3620	3540.95	3518.35	3620	3612.7	3587.21	3860	2168.5	2605754	9347387249	157999	2
19-04-2024 00:00	Friday	April	2024	Q2	EQ	3525	3542.9	3472.4	3550.95	3512.9	3518.35	3509.76	3860	2168.5	2759031	9683545966	161797	2
18-04-2024 00:00	Thursday	April	2024	Q2	EQ	3561.95	3617.65	3539.7	3543.45	3554	3550.95	3571.29	3860	2168.5	3273257	11689757626	200764	2
16-04-2024 00:00	Tuesday	April	2024	Q2	EQ	3580.05	3598.15	3529.45	3600.8	3555	3543.45	3555.15	3860	2168.5	2291042	8145000756	161892	2
15-04-2024 00:00	Monday	April	2024	Q2	EQ	3626.05	3679.85	3586.2	3679.25	3605.45	3600.8	3627.82	3860	2168.5	1719910	6239522111	164970	2
12-04-2024 00:00	Friday	April	2024	Q2	EQ	3749.95	3802.1	3663.5	3753.2	3687	3679.25	3722.02	3860	2168.5	3437544	12794599828	225321	2
10-04-2024 00:00	Wednesday	April	2024	Q2	EQ	3800	3800	3750.1	3785.25	3758.8	3753.2	3765.13	3860	2168.5	1951581	7347962876	116783	2
09-04-2024 00:00	Tuesday	April	2024	Q2	EQ	3820	3827.95	3775	3807.85	3781	3785.25	3793.72	3860	2168.5	1997057	7576271479	89699	2
08-04-2024 00:00	Monday	April	2024	Q2	EQ	3745	3819.8	3743.1	3743.1	3811.05	3807.85	3787.21	3860	2168.5	1083395	4103040560	87260	2
05-04-2024 00:00	Friday	April	2024	Q2	EQ	3770.1	3790	3716.25	3797.85	3744	3743.1	3743	3860	2155	1645597	6159461644	118994	2
04-04-2024 00:00	Thursday	April	2024	Q2	EQ	3804.9	3819.75	3731.05	3782.45	3810	3797.85	3779.76	3860	2155	2339529	8842853337	170785	2
03-04-2024 00:00	Wednesday	April	2024	Q2	EQ	3799.7	3799.7	3770.15	3807.4	3783	3782.45	3781.8	3860	2155	1684618	6370895628	102022	2
02-04-2024 00:00	Tuesday	April	2024	Q2	EQ	3849.8	3860	3771.25	3838	3811.8	3807.4	3795.24	3860	2155	3608162	13693853103	122363	2
01-04-2024 00:00	Monday	April	2024	Q2	EQ	3780.85	3851.85	3780.85	3763.9	3840.2	3838	3831.67	3851.85	2155	1905190	7300059453	110296	2
28-03-2024 00:00	Thursday	March	2024	Q1	EQ	3706.55	3813.35	3697.55	3706.4	3764.9	3763.9	3767.16	3813.35	2121	4278668	16118435649	211392	1
27-03-2024 00:00	Wednesday	March	2024	Q1	EQ	3683	3727.2	3670.1	3670.1	3704	3706.4	3707.53	3737.9	2121	2387693	8852446127	160348	1
26-03-2024 00:00	Tuesday	March	2024	Q1	EQ	3605	3676.9	3600	3617.8	3670	3670.1	3653.95	3737.9	2121	2320963	8480683349	167326	1
22-03-2024 00:00	Friday	March	2024	Q1	EQ	3546.2	3647.3	3546.2	3560	3610	3617.8	3609.22	3737.9	2121	3020545	10901801228	216381	1
21-03-2024 00:00	Thursday	March	2024	Q1	EQ	3525.15	3596	3525.15	3509.7	3562	3560	3569.15	3737.9	2121	2504962	8940592593	158916	1
20-03-2024 00:00	Wednesday	March	2024	Q1	EQ	3502.75	3524.95	3487.75	3501.7	3513.2	3509.7	3511.18	3737.9	2121	1442811	5065963258	120211	1
